-2.9871626044038555, -7.473331051941829
-2.9867707652900655, -7.4742488592266465
-2.986503716077002, -7.474874371859289 
-2.979754067826343, -7.490685940469498
-2.9747056436603905, -7.502512562814063
-2.972738814533935, -7.5071253271161975 
-2.9698492462311554, -7.513902809069784
-2.9659610018515496, -7.523022305739561
-2.9629216880557174, -7.5301507537688375 
-2.9593468941864267, -7.538534632641609
-2.954773869346733, -7.549260604453827
-2.9527329730416776, -7.554047301497676 
-2.9511376776197085, -7.557788944723612
-2.94611883333394, -7.569559569654931
-2.939698492462311, -7.584618317565565 
-2.939487741885376, -7.585040759620672
-2.939294989091592, -7.585427135678386
-2.9322878827548484, -7.599479208836145 
-2.9255135271446338, -7.61306532663316
-2.925088407996431, -7.613918362733822
-2.9246231155778886, -7.614852009764445 
-2.912626618445444, -7.6187099395117865
-2.9095477386934663, -7.619699873688032
-2.899801002709315, -7.622834501616991 
-2.894472361809044, -7.6245479978278885
-2.886975373578311, -7.626959039164924
-2.8793969849246217, -7.629396258985714 
-2.874041271274515, -7.630884709229405
-2.8643216080401994, -7.633585980442707
-2.860620697820336, -7.633918515518185 
-2.849246231155777, -7.634941491288858
-2.846250091021718, -7.635210594008826
-2.834170854271355, -7.636296163398534 
-2.8318791199583018, -7.636502004680671
-2.8190954773869326, -7.637650218660923
-2.8174917713798378, -7.637763389908261 
-2.8040201005025103, -7.638714066522407
-2.8029332716765945, -7.638710998073755
-2.788944723618088, -7.638672010442182 
-2.787834909725762, -7.638668858785337
-2.7738693467336657, -7.638629501910008
-2.7727363103772102, -7.638626284267766 
-2.7587939698492434, -7.638586690248048
-2.757630648430207, -7.6385707616530345
-2.743718592964821, -7.638380273028226 
-2.7424154589144556, -7.638314438495597
-2.728643216080399, -7.637622609595149
-2.7269149748682597, -7.63753507536568 
-2.7135678391959765, -7.636861163513564
-2.711412457918581, -7.636751985246042
-2.6984924623115543, -7.636097538280416 
-2.6959008666660473, -7.6359522589045055
-2.683417085427132, -7.635252444506166
-2.6803197064174578, -7.635024989403532 
-2.6683417085427097, -7.634157534264517
-2.6646212642713873, -7.63388270309051
-2.6532663316582874, -7.633049780767793 
-2.6489162361389105, -7.632728342469077
-2.638190954773865, -7.6319358274128275
-2.633193560353577, -7.631541627817406 
-2.623115577889443, -7.6307466662282435
-2.6173919568458226, -7.630210212341297
-2.6080402010050205, -7.629344771201488 
-2.6015088966827866, -7.628729459663839
-2.5929648241205983, -7.627929280111298
-2.5856194819820724, -7.627237057000637 
-2.577889447236176, -7.626508580559865
-2.569708951526606, -7.62570594212039
-2.5628140703517537, -7.625029443181568 
-2.553730866663903, -7.624050977493542
-2.5477386934673314, -7.623405671144096
-2.5377144368462825, -7.622325713782678 
-2.532663316582909, -7.6217816020082765
-2.5216978920658923, -7.620600239306738
-2.517587939698487, -7.620157452579746 
-2.505656016870837, -7.618828325737243
-2.5025125628140645, -7.618478168497259
-2.489542808550887, -7.616925634772109 
-2.4874371859296422, -7.616673769597882
-2.4734142028259405, -7.6149947152311475
-2.47236180904522, -7.614868742866982 
-2.4573004996331917, -7.61306532663316
-2.4572864321607977, -7.613063643648095
-2.4572854474152024, -7.613063521266235 
-2.4422110552763754, -7.6112098616891615
-2.441121858003528, -7.611068464966273
-2.427135678391953, -7.609253938372149 
-2.4248983748156596, -7.608963603409956
-2.412060301507531, -7.607297606194359
-2.408674621361324, -7.606858246365115 
-2.3969849246231085, -7.605341274016569
-2.392442846248232, -7.604738182945886
-2.3819095477386862, -7.603339585706553 
-2.376171410563906, -7.602545408479396
-2.366834170854264, -7.601253103517694
-2.35986501990863, -7.600288549899498 
-2.3517587939698417, -7.599166621328835
-2.343558629253354, -7.5980316913195995
-2.3366834170854194, -7.597080139139976 
-2.3272346161547395, -7.595742524926913
-2.321608040200997, -7.59494812780878
-2.310868641666436, -7.5933764293197985 
-2.306532663316575, -7.592742228600755
-2.294486025205619, -7.590979823429741
-2.2914572864321525, -7.590536723468836 
-2.2781033219414435, -7.588583058400194
-2.2763819095477302, -7.588331218336918
-2.2616943955665683, -7.586138217667696 
-2.261306532663308, -7.586080305647493
-2.257066557341188, -7.585427135678386
-2.2462311557788857, -7.5837580426215965 
-2.2452372138765617, -7.583604908857459
-2.2311557788944634, -7.5814357632427205
-2.2287785348173172, -7.581068854870285 
-2.216080402010041, -7.579112478157633
-2.2123113468923425, -7.578517201295939
-2.201005025125619, -7.576731540290584 
-2.1957987680257656, -7.575882330995322
-2.1859296482411965, -7.574272547210854
-2.179250962764343, -7.573182878970821 
-2.1708542713567742, -7.571813235661931
-2.162701356183202, -7.570480124526836
-2.155778894472352, -7.569350688468142 
-2.1461352188389315, -7.5677470636837825
-2.1407035175879296, -7.5668438384947105
-2.129531570283741, -7.564945232287373 
-2.1256281407035074, -7.5642818675731345
-2.1129155370995467, -7.562120695737791
-2.110552763819085, -7.561719143673855 
-2.0962960035263793, -7.559289741808425
-2.095477386934663, -7.559150574350184
-2.0876426750875607, -7.557788944723612 
-2.0804020100502405, -7.556530557150041
-2.079641951581336, -7.556395504197287
-2.065326633165818, -7.5538489039368075 
-2.0629478952164684, -7.553427925149804
-2.050251256281396, -7.5511719674541835
-2.046256541708909, -7.550465301340719 
-2.0351758793969736, -7.548505129111012
-2.0295608850175486, -7.547494788361333
-2.0201005025125514, -7.545792523086165 
-2.0128297366719607, -7.544459207349195
-2.005025125628129, -7.5430279948808225
-1.9960788403828176, -7.541387421773874 
-1.989949748743707, -7.54025803717792
-1.9793197473412574, -7.53830060881912
-1.974874371859285, -7.537480479899013 
-1.9625326362064248, -7.535162429360034
-1.9597989949748629, -7.534648991160705
-1.9457072131664501, -7.531954011408188 
-1.9447236180904408, -7.531765859387374
-1.9362726646292778, -7.5301507537688375
-1.9296482412060187, -7.528884823720457 
-1.9288773821930996, -7.5287375122451525
-1.9145728643215967, -7.526003912980112
-1.9120416910386224, -7.525510269416718 
-1.8994974874371746, -7.523066527331402
-1.8951629910490875, -7.522204177057344
-1.8844221105527525, -7.520071168888097 
-1.8782547322454306, -7.5188438935387465
-1.8693467336683305, -7.517071249390627
-1.8613437997650868, -7.515478708279557 
-1.8542713567839084, -7.514071329893156
-1.8444089708798992, -7.51206971294482
-1.8391959798994864, -7.511011712254168 
-1.8274314589011977, -7.508582465271974
-1.8241206030150643, -7.50789880916128
-1.810442620792824, -7.505074453028063 
-1.8090452261306422, -7.504785906068392
-1.7980357262123938, -7.502512562814063
-1.7939698492462202, -7.501671853564562 
-1.7934516451007503, -7.501562521880702
-1.778894472361798, -7.498493192346816
-1.7764115671235645, -7.497960569877302 
-1.763819095477376, -7.495259285413361
-1.7593384932041314, -7.494298125313114
-1.748743718592954, -7.492025378479908 
-1.7422618117629445, -7.490629066959046
-1.733668341708532, -7.488784725260224
-1.725182784385303, -7.486955707721477 
-1.7185929648241098, -7.485539976721985
-1.7081043889395076, -7.483283507025625
-1.7035175879396878, -7.482296721252876 
-1.6910247723407394, -7.479609067549324
-1.6884422110552657, -7.4790534657837675
-1.6739355773199995, -7.475917067632741 
-1.6733668341708436, -7.475794639186306
-1.6691271922704818, -7.474874371859289
-1.6582914572864216, -7.472521013113834 
-1.6568353152761026, -7.472204778173704
-1.6432160804019995, -7.4692626174348815
-1.6397457863506093, -7.468512166098407 
-1.6281407035175774, -7.4660141174606816
-1.6226649162333882, -7.464835428504942
-1.6130653266331554, -7.462769071713819 
-1.6055624278763845, -7.461119057471875
-1.5979899497487333, -7.459453741550326
-1.5884143931693107, -7.457319184797013 
-1.5829145728643113, -7.456093179971428
-1.5712396491303726, -7.453470345013734
-1.5678391959798892, -7.452711605987314 
-1.5540547958897628, -7.449602971694057
-1.5527638190954671, -7.449312839690712
-1.5436756412259092, -7.447236180904515 
-1.537688442211045, -7.445868099247511
-1.5368332148573827, -7.445668264089467
-1.522613065326623, -7.44238855145212 
-1.5195806572298562, -7.441676766060442
-1.507537688442201, -7.438860777282613
-1.5022980684945726, -7.4376302110005295 
-1.4924623115577789, -7.435320205510404
-1.4849782655703634, -7.433515429927586
-1.4773869346733568, -7.431684782619024 
-1.4675986636627056, -7.429291017384987
-1.4623115577889347, -7.427998032115624
-1.450202793635901, -7.425036779957286 
-1.4472361809045127, -7.424324586509592
-1.432847366009802, -7.420856686930878
-1.4321608040200906, -7.420694325140921 
-1.42764657999186, -7.41959798994974
-1.4170854271356685, -7.417024833702314
-1.415456416860429, -7.416611471111801 
-1.4020100502512465, -7.413208422681899
-1.3979646769752727, -7.412181472277122
-1.3869346733668244, -7.40938141752379 
-1.3804660170098688, -7.407738786628655
-1.3718592964824023, -7.405553807605053
-1.3629167699123088, -7.403203357904569 
-1.3567839195979803, -7.40162297096973
-1.3453348906482874, -7.39860810354197
-1.3417085427135582, -7.397654401570176 
-1.3277312652778983, -7.393972981317697
-1.3266331658291362, -7.39368375721318
-1.3200981904640756, -7.391959798994966 
-1.311557788944714, -7.389684116428605
-1.3100913017472071, -7.38927123913287
-1.296482412060292, -7.385439769222019 
-1.292280197550838, -7.384255739060967
-1.28140703517587, -7.381192080085677
-1.2744588806373272, -7.379221515674304 
-1.266331658291448, -7.376929253470978
-1.2565640644228215, -7.37405254356915
-1.2512562814070258, -7.372542532579477 
-1.238514730046007, -7.368600288166431
-1.2361809045226038, -7.367888974185263
-1.2247101191400434, -7.364321608040192 
-1.2211055276381817, -7.363201426085064
-1.220369151624892, -7.362971585349161
-1.2060301507537596, -7.358624752415076 
-1.2023071677837651, -7.357496139261869
-1.1909547738693376, -7.354054688899223
-1.1841627484753645, -7.351869561484574 
-1.1758793969849155, -7.349204645295803
-1.1658192775245853, -7.345878055696253
-1.1608040201004934, -7.344230787912053 
-1.1473697152724662, -7.339692049188808
-1.1457286432160714, -7.339147870291233
-1.1384644040710672, -7.336683417085418 
-1.1306532663316493, -7.334033424008549
-1.128862312908554, -7.333400002476409
-1.1155778894472272, -7.328746548422241 
-1.1101774752313935, -7.326782657689722
-1.1005025125628052, -7.323319612370623
-1.091400735393097, -7.319996825607619 
-1.0854271356783831, -7.317816042922058
-1.072577005114719, -7.313124844385366
-1.070351758793961, -7.312312473473491 
-1.0618943791855342, -7.309045226130643
-1.055276381909539, -7.306453010852709
-1.053471038939037, -7.305735430684723 
-1.040201005025117, -7.30046091314389
-1.034222477994918, -7.298084593241946
-1.0251256281406949, -7.294468815435071 
-1.0149138525222643, -7.290323637496853
-1.0100502512562728, -7.288388815567823
-0.9955080316461049, -7.282384490178669 
-0.9949748743718507, -7.282168346995117
-0.9931382219510568, -7.281407035175869
-0.9798994974874287, -7.275890730237168 
-0.9759531492218784, -7.274172063355693
-0.9648241206030066, -7.269486705911337
-0.9562102473641674, -7.2656149342379965 
-0.9497487437185845, -7.2627710455194965
-0.9362556948246674, -7.256669778870354
-0.9346733668341625, -7.255954284168425 
-0.9298394744842514, -7.253768844221095
-0.9195979899497404, -7.249102759162743
-0.9161663361532223, -7.247477478927478 
-0.9045226130653183, -7.242011518439546
-0.8958664650211932, -7.237899239473531
-0.8894472361808963, -7.23484965441521 
-0.875384216659842, -7.2279866417658285
-0.8743718592964742, -7.227492592718958
-0.8716776942535587, -7.2261306532663205 
-0.8592964824120521, -7.2197873678025974
-0.8544813058209546, -7.217302829515975
-0.8442211055276301, -7.2120087639765496 
-0.8335012047571132, -7.206477501853706
-0.829145728643208, -7.204230160150502
-0.8187133335851499, -7.198492462311546 
-0.814070351758786, -7.19580522313112
-0.8119219744629066, -7.194553770602434
-0.7989949748743639, -7.187023656430015 
-0.7898172324355412, -7.1816666011737045
-0.7839195979899418, -7.178228934967804
-0.7717830643912155, -7.170854271356772 
-0.7688442211055198, -7.169042777331217
-0.7673342846209639, -7.16808605446842
-0.7537688442210977, -7.159490747906041 
-0.744245228700907, -7.153394309569755
-0.7386934673366756, -7.149856164805828
-0.7286813543604186, -7.143216080401998 
-0.7236180904522536, -7.139813314003516
-0.720687912917993, -7.137844088255853
-0.7085427135678315, -7.129681907298832 
-0.6953575964558519, -7.1155778894472235
-0.6934673366834094, -7.113393807931327
-0.6893972427370756, -7.108116050545611 
-0.6783919597989874, -7.093845320170776
-0.6738376702995587, -7.087939698492449
-0.6633165829145653, -7.073839753320248 
-0.6542349710270458, -7.060301507537675
-0.6482412060301432, -7.05091011311622
-0.6338506297140168, -7.032663316582901 
-0.6331658291457212, -7.031753246526904
-0.6309324228424749, -7.028568738360282
-0.6180904522612991, -7.010389553937781 
-0.6144204686172239, -7.005025125628126
-0.603015075376877, -6.988076291974674
-0.5964314102828008, -6.977386934673352 
-0.587939698492455, -6.9620517554
-0.5802801682367535, -6.949748743718578
-0.5728643216080329, -6.937765965878891 
-0.563980858980321, -6.922110552763804
-0.5577889447236108, -6.909981098745455
-0.5498719544621401, -6.894472361809029 
-0.5427135678391888, -6.878994967094636
-0.5378045119503239, -6.866834170854255
-0.5291957233275548, -6.842051455916259 
-0.5282038146723759, -6.839195979899481
-0.5276381909547667, -6.837567679801764
-0.5189384629325755, -6.8115577889447065 
-0.5127800551119948, -6.784317873232958
-0.5126820157275288, -6.783919597989932
-0.5125628140703447, -6.783301977466478 
-0.5073371439026374, -6.756281407035158
-0.5060201624837933, -6.744286545793147
-0.5033968708380389, -6.728643216080384 
-0.50201700445108, -6.709309231778398
-0.5013183948011932, -6.7010050251256095
-0.5009539197998285, -6.67972205229633 
-0.5008450854676352, -6.673366834170835
-0.5009106240699649, -6.652004485836805
-0.5008187128001178, -6.645728643216061 
-0.5028846338914061, -6.627985312888007
-0.5030088518314212, -6.618090452261287
-0.5053950926172017, -6.604949629597191 
-0.5080276683992508, -6.590452261306512
-0.5097682280720396, -6.585328853642953
-0.5125628140703447, -6.573225125013839 
-0.5142857565013323, -6.565972798141883
-0.5147222808157756, -6.562814070351738
-0.5173331609466055, -6.543921515336776 
-0.5185417749794159, -6.535175879396964
-0.5203805653918786, -6.521870232531668
-0.5223612691430563, -6.50753768844219 
-0.5242161142279874, -6.501263881109761
-0.5276381909547667, -6.489394687222546
-0.5295813657145511, -6.48346198454702 
-0.5301508249096614, -6.479899497487415
-0.5348208293796963, -6.465429476978345
-0.5384439184834818, -6.452261306532641 
-0.539975289497835, -6.447241129573492
-0.5427135678391888, -6.438264440248596
-0.5454366445543084, -6.4296154228889195 
-0.5468747616313849, -6.424623115577867
-0.5508460217068588, -6.411894423380488
-0.5554976776855275, -6.3969849246230925 
-0.556473206649161, -6.3945727381532675
-0.5577889447236108, -6.390772375394163
-0.5625033303966156, -6.377989774068827 
-0.5656909934393953, -6.369346733668318
-0.568825766537231, -6.361942716038515
-0.5728643216080329, -6.349896947308975 
-0.5746497676049809, -6.344981860374615
-0.5758388273292033, -6.341708542713544
-0.5812124265587534, -6.3293752108350905 
-0.5861202592421239, -6.31407035175877
-0.5870267546034754, -6.31239662129564
-0.587939698492455, -6.309913847779562 
-0.593258922462602, -6.296184071415932
-0.5956373727728604, -6.2864321608039955
-0.5989174280059243, -6.278919807290582 
-0.603015075376877, -6.265283350641329
-0.6045388036438369, -6.261587471671981
-0.6052098911850814, -6.258793969849221 
-0.6108382085626972, -6.245498189735118
-0.6153597981392591, -6.231155778894447
-0.6164742178181843, -6.228192682415403 
-0.6180904522612991, -6.223895325972163
-0.6228654150856056, -6.212271686450902
-0.6257545132987976, -6.203517587939673 
-0.6296357916587195, -6.197045852546836
-0.6331658291457212, -6.191012782145535
-0.637542114512096, -6.183902586823252 
-0.6395239585572986, -6.175879396984898
-0.6424335159649989, -6.1652319651988
-0.6470764749615728, -6.148241206030124 
-0.6474652274799675, -6.146818578688135
-0.6482412060301432, -6.14397891013284
-0.652519000611264, -6.128445638474071 
-0.6546788245436473, -6.12060301507535
-0.6577867733437608, -6.110465030862208
-0.6619590870237029, -6.092964824120576 
-0.6625535432067045, -6.091565917989497
-0.6633165829145653, -6.087727758845003
-0.667478316522331, -6.072956478113372 
-0.6689082575520132, -6.065326633165801
-0.6729734124387975, -6.055392629672119
-0.6767777188938423, -6.037688442211027 
-0.6773814876901523, -6.035835910011496
-0.6783919597989874, -6.032735497850773
-0.6835860963281096, -6.019572834892977 
-0.6857854313045492, -6.010050251256253
-0.6884025435114572, -6.000764797107673
-0.6934673366834094, -5.9827950269747525 
-0.6935482196135173, -5.982560345673343
-0.6935814269207468, -5.9824120603014785
-0.6985510560940732, -5.964094021599588 
-0.7010795855556358, -5.954773869346704
-0.7035585821532248, -5.945636295086592
-0.7085427135678315, -5.927264801165454 
-0.7085804063026193, -5.927204781739041
-0.7086238038205777, -5.92713567839193
-0.7166639439522509, -5.914386409808592 
-0.7236180904522536, -5.903359203809139
-0.724747565778746, -5.901568192202392
-0.7260534255129726, -5.899497487437156 
-0.7334796678069974, -5.889938854966079
-0.7386934673366756, -5.883081613055036
-0.7422765215144617, -5.878428229141656 
-0.7473345270533415, -5.8718592964823815
-0.7511619948048864, -5.86708007255266
-0.7537688442210977, -5.863502920464501 
-0.75988448688607, -5.855433117080056
-0.7683814294934329, -5.844221105527607
-0.7686582320685442, -5.843880125626486 
-0.7688442211055198, -5.843610435885494
-0.776990051608772, -5.831516937162129
-0.7839195979899418, -5.8212291635237365 
-0.785319931967747, -5.819150193532143
-0.7870491767244109, -5.816582914572833
-0.7943058529101116, -5.807986190971704 
-0.7989949748743639, -5.802431156624422
-0.8034636443824276, -5.797137284382842
-0.8103791581711808, -5.788944723618059 
-0.8128467652564354, -5.786701481697083
-0.814070351758786, -5.784963431886569
-0.8215588224781093, -5.775035395648711 
-0.829145728643208, -5.761739064382976
-0.8292918248431611, -5.761574375696532
-0.8294493444066093, -5.761306532663284 
-0.8377618358032446, -5.749464538168578
-0.8442211055276301, -5.740262647560069
-0.8464166216314113, -5.737693454565442 
-0.848849980391773, -5.73366834170851
-0.8547285250999548, -5.725293753302998
-0.8592964824120521, -5.718786230737163 
-0.8634836478781575, -5.713706620774929
-0.8682506163769366, -5.706030150753736
-0.8719286469986692, -5.70155092820776 
-0.8743718592964742, -5.698575506648116
-0.8812720962372452, -5.691042394190375
-0.8894472361808963, -5.679906118709615 
-0.8899708835979424, -5.679351980063546
-0.890529421193309, -5.678391959798962
-0.8989018531098758, -5.668087233213983 
-0.9045226130653183, -5.659922653156366
-0.9077606793145435, -5.656690223634434
-0.9112384157267951, -5.650753768844187 
-0.9161719783779194, -5.644472747629182
-0.9195979899497404, -5.639616444617615
-0.925475468915751, -5.633890955993766 
-0.9315848552537029, -5.623115577889413
-0.933408663540414, -5.620796955184208
-0.9346733668341625, -5.619106526464624 
-0.943187401742885, -5.611086450933963
-0.9497487437185845, -5.5992792570171135
-0.950931779437675, -5.597646285752972 
-0.9524929846273453, -5.595477386934639
-0.9608103057418249, -5.588118726355805
-0.9648241206030066, -5.581349528842754 
-0.9693656514769546, -5.576165335915436
-0.9760797821728275, -5.5678391959798645
-0.978616809949735, -5.5654876021607596 
-0.9798994974874287, -5.563386952641609
-0.9877809864194332, -5.5546504014004325
-0.9949748743718507, -5.545323453775152 
-0.9967018001817327, -5.543367035676541
-0.9994964482432831, -5.54020100502509
-1.0062422869596983, -5.533219737148037 
-1.0100502512562728, -5.528244700298134
-1.0157113978416932, -5.522941582810254
-1.0227399244184887, -5.512562814070316 
-1.0242762520511617, -5.511005624572839
-1.0251256281406949, -5.509601803358003
-1.032816693128352, -5.499024908926247 
-1.040201005025117, -5.488869867003108
-1.0414306077120241, -5.487178894708205
-1.0430698175416075, -5.484924623115542 
-1.0506138009852255, -5.476376558087634
-1.055276381909539, -5.471093401617741
-1.0598693190605053, -5.465706816937539 
-1.0670490628801483, -5.4572864321607675
-1.0690632608894681, -5.45492418600253
-1.070351758793961, -5.453413039029541 
-1.0778865512835956, -5.44346202743699
-1.0854271356783831, -5.43350336662047
-1.0867395103391844, -5.432054261417462 
-1.0883461926756985, -5.429648241205993
-1.0954123080924147, -5.420316199676944
-1.1005025125628052, -5.4135936942114 
-1.104389860218791, -5.409136854287193
-1.1092735156615368, -5.402010050251219
-1.113210378033549, -5.397669612659476 
-1.1155778894472272, -5.395059403165777
-1.1228285238455558, -5.387664689026714
-1.1306532663316493, -5.379334466935283 
-1.1324812634245145, -5.377723187300031
-1.1362833457656294, -5.374371859296445
-1.1427205280132864, -5.368856981424672 
-1.1457286432160714, -5.3662798619134735
-1.1529947357834822, -5.36005483804859
-1.1608040201004934, -5.3514139659313456 
-1.162421251685646, -5.34969859291445
-1.1641604476725835, -5.34673366834167
-1.1702328413642011, -5.336381649703694 
-1.1758793969849155, -5.3267555859149285
-1.1781030863326811, -5.323172241191133
-1.1806329730568463, -5.319095477386896 
-1.1865722078541316, -5.311060773025685
-1.1909547738693376, -5.305131958375729
-1.1955851753871285, -5.2999463558814055 
-1.2031653553383719, -5.291457286432122
-1.2051417233329733, -5.289828502827347
-1.2060301507537596, -5.2890963233845705 
-1.2155419397745704, -5.281257375348834
-1.2211055276381817, -5.276672257232812
-1.2259421562161674, -5.272686247870322 
-1.2325784440485372, -5.263819095477348
-1.234638050861021, -5.260990530431113
-1.2361809045226038, -5.258439916378144 
-1.242752642029157, -5.248229089951255
-1.2505069127176747, -5.236180904522573
-1.2509125251942004, -5.23555068479906 
-1.2512562814070258, -5.235016574144332
-1.25974004836702, -5.224096286327788
-1.266331658291448, -5.215611579252669 
-1.2685969345993202, -5.212695720132231
-1.2718233275724613, -5.208542713567799
-1.277767537088226, -5.201870300407118 
-1.28140703517587, -5.197784940549956
-1.287117905696952, -5.191374451901676
-1.2964451838208133, -5.180904522613025 
-1.2964687591601283, -5.180879492296058
-1.296482412060292, -5.1808649967923435
-1.3062398649875504, -5.171154995358225 
-1.311557788944714, -5.165862933010033
-1.3162814172809714, -5.161926316941389
-1.3266331658291362, -5.153299291957126 
-1.3266455256869574, -5.15328899139759
-1.3266695857332862, -5.1532663316582505
-1.3365236900611945, -5.143760768462251 
-1.3417085427135582, -5.135111787484592
-1.3444170277461098, -5.130593696596487
-1.347393757109817, -5.125628140703476 
-1.3524126306249733, -5.11761411091963
-1.3567839195979803, -5.110634130269054
-1.3605917349124172, -5.1049709444918365 
-1.3652856191921547, -5.097989949748702
-1.3695966163977056, -5.093841702926758
-1.3718592964824023, -5.091664444389375 
-1.3799347193536586, -5.085156700724564
-1.3869346733668244, -5.079515645499421
-1.3904068899469322, -5.076717489190792 
-1.3983060893448829, -5.070351758793928
-1.400879060540206, -5.06827827765702
-1.4020100502512465, -5.066887824246962 
-1.4100291172185329, -5.057415190612512
-1.4170854271356685, -5.045953339767344
-1.4180562292174683, -5.044493371655786 
-1.4192397052377346, -5.0427135678391535
-1.4263380508736794, -5.032038520404066
-1.4321608040200906, -5.0232818087379005 
-1.4348129216877414, -5.0199375926084056
-1.4386688830629315, -5.015075376884379
-1.4440423352263032, -5.009219993140995 
-1.4472361809045127, -5.00521996101963
-1.4531961826392346, -4.998363855776596
-1.4623115577889347, -4.987877957594385 
-1.4624592850066163, -4.987708019162021
-1.462694719918684, -4.987437185929605
-1.472066500176344, -4.977683056018415 
-1.4773869346733568, -4.972145558569579
-1.4815863587765956, -4.967497939164102
-1.4885428517630508, -4.959798994974831 
-1.490986908522661, -4.9570940894104485
-1.4924623115577789, -4.955461219853019
-1.5000721102251064, -4.946112101576824 
-1.507537688442201, -4.936940167232296
-1.5092756940291554, -4.93534714759614
-1.5114278939919354, -4.932160804020056 
-1.5181250986526735, -4.923932865117815
-1.522613065326623, -4.918419114611574
-1.52759143131923, -4.913649617385062 
-1.5339242473892938, -4.904522613065282
-1.5363216690552373, -4.902016862279634
-1.537688442211045, -4.900588330554232 
-1.5463764300543683, -4.892812399823267
-1.5527638190954671, -4.884700909156134
-1.555598950651168, -4.8820821632959595 
-1.5593397925810915, -4.876884422110508
-1.5648095644027245, -4.871330097552373
-1.5678391959798892, -4.867276606706995 
-1.5744881565412672, -4.861435992184926
-1.5829145728643113, -4.849599972928855
-1.5830373055213192, -4.849471241026915 
-1.5832518293411872, -4.849246231155734
-1.5932953552614086, -4.840639474595638
-1.5979899497487333, -4.8337877026977 
-1.6021107245487693, -4.829162794001026
-1.6088419793954163, -4.821608040200959
-1.611723343965416, -4.819147738643437 
-1.6130653266331554, -4.8170761949906264
-1.6207278200912942, -4.80801775391944
-1.6281407035175774, -4.799254396658333 
-1.6298931576019515, -4.7971826817342045
-1.6326108777624162, -4.793969849246185
-1.6394216969871087, -4.787013479652218 
-1.6432160804019995, -4.783138008501919
-1.649103328747795, -4.77712494692537
-1.6582914572864216, -4.767740463813583 
-1.658783953851996, -4.76723456866163
-1.6595742207394535, -4.766331658291411
-1.668199725825298, -4.756858626324577 
-1.6733668341708436, -4.751183807047759
-1.6775141778016853, -4.746296930659846
-1.6837060914747832, -4.7386934673366365 
-1.686561004837091, -4.735244589269983
-1.6884422110552657, -4.732971998111745
-1.6956483798870212, -4.724266585906748 
-1.7035175879396878, -4.714760189175732
-1.70492110157502, -4.713628384713305
-1.7065844418083917, -4.711055276381862 
-1.7141586892968597, -4.70292577124857
-1.7185929648241098, -4.698166425093576
-1.7241785091949797, -4.693657250107016 
-1.7313126041233826, -4.683417085427088
-1.7327954424283445, -4.6818167700800775
-1.733668341708532, -4.6808747158386925 
-1.7429594735252554, -4.672812636136308
-1.748743718592954, -4.6645246631536885
-1.7519019554395594, -4.661568995357757 
-1.7567008273491331, -4.655778894472314
-1.7614597129600247, -4.65145335985717
-1.763819095477376, -4.64816219304204 
-1.7711144337428377, -4.641515490337553
-1.778894472361798, -4.631702741888019
-1.7801856959040157, -4.6305079466782715 
-1.782743992149561, -4.6281407035175395
-1.79056109161023, -4.621891314518224
-1.7939698492462202, -4.616635044777047 
-1.7995866244829613, -4.610799933830124
-1.805960487269155, -4.600502512562765
-1.8080668772735404, -4.598708872991412 
-1.8090452261306422, -4.5973833224007015
-1.817665014030607, -4.58866726609126
-1.8241206030150643, -4.582139579128176 
-1.8273813701734603, -4.5788423947317165
-1.833293415776146, -4.572864321607991
-1.8371070979552708, -4.569034704710263 
-1.8391959798994864, -4.566937094784948
-1.846617980029631, -4.5588331308918155
-1.8542713567839084, -4.550476530542901 
-1.8561055682176641, -4.5485888516151025
-1.8586829202771842, -4.545226130653217
-1.8651490903301122, -4.5375304511998165 
-1.8693467336683305, -4.532534647296391
-1.8744942058691387, -4.527024972066592
-1.8819054627116798, -4.517587939698442 
-1.8834749906226729, -4.515851553159963
-1.8844221105527525, -4.514803743633673
-1.893092267592701, -4.505845036650241 
-1.8994974874371746, -4.498464882026127
-1.9027052301656617, -4.495830610412561
-1.9065018350906446, -4.489949748743668 
-1.9116531538125816, -4.484596946143807
-1.9145728643215967, -4.48138915737248
-1.921880605712256, -4.475709083671769 
-1.9296482412060187, -4.463677007833994
-1.9301289702551367, -4.463192894378944
-1.9309974379221153, -4.462311557788894 
-1.9406813709887245, -4.454900771435748
-1.9447236180904408, -4.448819292229712
-1.9497551960872233, -4.443897926494888 
-1.9583825740258163, -4.43467336683412
-1.9593663401046006, -4.433880166238639
-1.9597989949748629, -4.433247431720704 
-1.9689177719053943, -4.42375293358532
-1.974874371859285, -4.416487850409886
-1.9779927150918148, -4.412752138472317 
-1.982764884871058, -4.407035175879345
-1.9875034450366185, -4.402550285749683
-1.989949748743707, -4.399586354170277 
-1.9969841972294275, -4.392293473815059
-2.005025125628129, -4.383957137444747
-2.0066139894306487, -4.382309901895857 
-2.0094236837324386, -4.379396984924571
-2.0163538394637364, -4.372528102668411
-2.0201005025125514, -4.368814566013008 
-2.025934869103639, -4.362455132720124
-2.0351758793969736, -4.352382473143147
-2.0354052639855587, -4.352179332382203 
-2.035705715534102, -4.351758793969797
-2.044563800182386, -4.341331791121611
-2.050251256281396, -4.334636989333417 
-2.05406170603302, -4.331106427559666
-2.059185275151315, -4.3241206030150225
-2.0629633098405136, -4.319787843585297 
-2.065326633165818, -4.3170775160564165
-2.0727457713370896, -4.310084165374246
-2.0804020100502405, -4.300203093423014 
-2.0817500256120907, -4.298953773923641
-2.083492863111932, -4.296482412060248
-2.0915044562110117, -4.289198705733554 
-2.095477386934663, -4.284487530760172
-2.1013548437876164, -4.279619558669222
-2.109230363370678, -4.268844221105474 
-2.11007611977178, -4.267970373685414
-2.110552763819085, -4.267376027407316
-2.1204589925441026, -4.259367449479899 
-2.1256281407035074, -4.252015713360933
-2.129448348174937, -4.24820974384832
-2.136478262446907, -4.2412060301507 
-2.1394316070038886, -4.2388741940799575
-2.1407035175879296, -4.23699652258599
-2.1486828663173028, -4.228196645199776 
-2.155778894472352, -4.220370921596082
-2.158034562362733, -4.217703230328291
-2.161531244720272, -4.2135678391959255 
-2.1674193417731913, -4.20727046829269
-2.1708542713567742, -4.203596781289928
-2.1769404217470787, -4.197087590623376 
-2.1859296482411965, -4.187473534866842
-2.186470599174991, -4.186921391619775
-2.1873731957835685, -4.185929648241151 
-2.196259184331437, -4.177228940118485
-2.201005025125619, -4.172582054144643
-2.2059169707047834, -4.167296690848179 
-2.214128052725536, -4.158291457286377
-2.215352876213718, -4.156957659993117
-2.216080402010041, -4.156165405478671 
-2.2245898798705386, -4.146253975742515
-2.2311557788944634, -4.138606332973219
-2.2341936694466873, -4.136222732344013 
-2.2379839001959767, -4.130653266331603
-2.2430271087268174, -4.124779180069478
-2.2462311557788857, -4.121047260467767 
-2.253013254502587, -4.115448923036948
-2.261306532663308, -4.103595631030268
-2.261509014386613, -4.103386291869554 
-2.261803455674984, -4.103015075376828
-2.2719387183506696, -4.094869224848884
-2.2763819095477302, -4.091027817512698 
-2.282382895877831, -4.086378692693906
-2.2914572864321525, -4.07934851931559
-2.292980117471441, -4.078168741327417 
-2.296583783920007, -4.075376884422054
-2.3036632713386367, -4.070116332462501
-2.306532663316575, -4.066600004862245 
-2.312797744086591, -4.059224674878976
-2.320353672473507, -4.04773869346728
-2.321039433738271, -4.046696248285615 
-2.321608040200997, -4.045831893447002
-2.3298249355595835, -4.035164810669914
-2.3366834170854194, -4.026261205723213 
-2.3387356131294412, -4.023862861926546
-2.3419549593784703, -4.020100502512506
-2.348068648573256, -4.013335235952098 
-2.3517587939698417, -4.009251806706816
-2.357469681190303, -4.002932271461911
-2.366834170854264, -3.992569744555423 
-2.3668730181843114, -3.9925335316628185
-2.366931256749001, -3.992462311557732
-2.3767294445713234, -3.9829654557509 
-2.3819095477386862, -3.977944660708282
-2.386627611763078, -3.973473904647676
-2.393938534407053, -3.964824120602958 
-2.395848555543793, -3.9627407772908803
-2.3969849246231085, -3.9615012900014963
-2.405408275430712, -3.952628739462124 
-2.412060301507531, -3.9444859453090064
-2.4148401496050074, -3.9422823178268915
-2.418359869949498, -3.937185929648184 
-2.423855834090343, -3.931172881761899
-2.427135678391953, -3.9272503596549053
-2.4339239810576285, -3.9219929602471484 
-2.4422103486048106, -3.9095477386934103
-2.4422107924563514, -3.9095472568566993
-2.4422110552763754, -3.909546963089562 
-2.452642265442178, -3.901033433042608
-2.4572864321607977, -3.894820334625706
-2.461794049155698, -3.890173512229287 
-2.4696318605848657, -3.8819095477386365
-2.471500591864806, -3.880330649574544
-2.47236180904522, -3.8792623275255687 
-2.481321709544464, -3.8706978410324764
-2.4874371859296422, -3.8644501203619
-2.491057284443724, -3.8609082040596796 
-2.4978406296476505, -3.8542713567838627
-2.500927613336767, -3.851365616075484
-2.5025125628140645, -3.849700321995545 
-2.5103512402145944, -3.841004074396727
-2.517587939698487, -3.832975662549352
-2.519701370728515, -3.8305077893841406 
-2.523019511128256, -3.826633165829089
-2.528927635562256, -3.819784417291225
-2.532663316582909, -3.8154539837985095 
-2.5381633260727523, -3.8090783256056944
-2.5468618044156637, -3.798994974874315
-2.5474349807916488, -3.79843816830223 
-2.5477386934673314, -3.798143129600478
-2.557288963884251, -3.7888656130172262
-2.5628140703517537, -3.78349830249734 
-2.567369845922641, -3.779709039132835
-2.5737661378893555, -3.771356783919541
-2.5763356683156227, -3.7685081892318597 
-2.577889447236176, -3.766785661904036
-2.586241572451445, -3.7590308225260936
-2.5929648241205983, -3.75004952937282 
-2.5953127995758134, -3.7480232146326617
-2.598654458295295, -3.7437185929647674
-2.604793266497842, -3.7377658797016067 
-2.6080402010050205, -3.7335374799537497
-2.614567080257125, -3.7280463473055185
-2.623115577889443, -3.7165665789733464 
-2.62327878885397, -3.716379622111627
-2.6235400042003585, -3.7160804020099936
-2.633501602261842, -3.7074832557379516 
-2.638190954773865, -3.700548905873032
-2.6423044855629256, -3.695983684168497
-2.6490997923090402, -3.6884422110552197 
-2.651996963501379, -3.686115036100888
-2.6532663316582874, -3.684253156075521
-2.661526742507167, -3.6759481066567252 
-2.6683417085427097, -3.669096313114244
-2.6712628288452263, -3.6661594073217265
-2.6765894315506236, -3.660804020100446 
-2.680998915183286, -3.656370707986728
-2.683417085427132, -3.6539394701529666
-2.6911773923035716, -3.6473930584191443 
-2.6984924623115543, -3.6412222379997385
-2.7015635276272616, -3.6387961155578026
-2.7067541133761406, -3.633165829145672 
-2.7109927728683454, -3.6284448742116817
-2.7135678391959765, -3.624213365079394
-2.7189425590230156, -3.615381291207136 
-2.7249389563585824, -3.6055276381908983
-2.7272413606042467, -3.6029575698179532
-2.728643216080399, -3.6013927427770533 
-2.7366115490765246, -3.5924980577290215
-2.743718592964821, -3.584564790251411
-2.7461248854207665, -3.5823009834053576 
-2.7487845332776084, -3.5778894472361245
-2.754794888966016, -3.5705577989502073
-2.7587939698492434, -3.5656795760923963 
-2.764497217251229, -3.560707209851657
-2.7708924225826794, -3.5502512562813506
-2.7726481187838825, -3.548012338373415 
-2.7738693467336657, -3.5464549908524905
-2.7825382225327338, -3.538506004291535
-2.788944723618088, -3.5283519007051916 
-2.7909542485144176, -3.526297194303181
-2.7937441253494253, -3.522613065326577
-2.8005485446661305, -3.516248546293214 
-2.8040201005025103, -3.5110872931032677
-2.8093906992242874, -3.5048209720283943
-2.815431660971872, -3.494974874371803 
-2.817764024442336, -3.4925338773067094
-2.8190954773869326, -3.490397706778235
-2.8270095407442417, -3.481845799572096 
-2.834170854271355, -3.4699496066820297
-2.8350058593932457, -3.4688675261404955
-2.8361871591817915, -3.467336683417029 
-2.8445012536724272, -3.4586375580308877
-2.849246231155777, -3.4504134726449283
-2.8526703896273764, -3.445976116326854 
-2.857514620605611, -3.4396984924622553
-2.8618972795163082, -3.4352538901684553
-2.8643216080401994, -3.430877338607827 
-2.8696386553616886, -3.421808221596878
-2.8753536717562116, -3.4120603015074815
-2.877786015740559, -3.4091068580033665 
-2.8793969849246217, -3.405104048608727
-2.885063561450244, -3.3948108341830143
-2.8907827172960228, -3.3844221105527077 
-2.8930016669243597, -3.3817258365974534
-2.894472361809044, -3.3776747077354323
-2.9001769948580285, -3.3672424135210717 
-2.905895954547107, -3.356783919597934
-2.908123758948685, -3.3541732900658348
-2.9095477386934663, -3.3501366382486806 
-2.9152929802606393, -3.3396786715163103
-2.9210259469791864, -3.32914572864316
-2.923243864299074, -3.3266171012986665 
-2.9246231155778886, -3.322912194943365
-2.9287752261140754, -3.309119740338062
-2.930870955239506, -3.3015075376883862 
-2.934797619764731, -3.29252260440949
-2.9368426265506273, -3.2738693467336124
-2.9378364854962147, -3.270455667295769 
-2.939698492462311, -3.264060096856416
-2.9436193464733194, -3.253419388132354
-2.9444317457179996, -3.2462311557788386 
-2.947817514806759, -3.23347783912222
-2.95176917292407, -3.2185929648240648
-2.952594643782688, -3.2145977179566483 
-2.954773869346733, -3.2040503509390863
-2.956736254964074, -3.1945524808344157
-2.9574795888195555, -3.190954773869291 
-2.959156973933511, -3.171352274656943
-2.9598445877710664, -3.163316582914517
-2.963451610555678, -3.1515875841761423 
-2.9644192148837916, -3.1356783919597433
-2.9663421515981496, -3.1292487184658992
-2.9698492462311554, -3.11307646733078 
-2.970954939447065, -3.109805275113289
-2.971062593975267, -3.1080402010049695
-2.974271883182763, -3.0874620895202143 
-2.974821240740615, -3.0804020100501956
-2.97632941507044, -3.063108440977139
-2.9772315708433656, -3.052763819095422 
-2.9789725975335277, -3.0396896961237188
-2.980155921376948, -3.025125628140648
-2.9827753285685232, -3.0181219974123596 
-2.983984495157832, -2.997487437185874
-2.9843768406351323, -2.9930403813214457
-2.9864228992508877, -2.9698492462311004 
-2.986514217688624, -2.96881419366248
-2.9871626044038555, -2.9614650279113506
